Label,Area,Perimeter,Eccentricity,Solidity,Equivalent Diameter,Centroid_x,Centroid_y,min_intensity,max_intensity,mean_intensity
1,1921.0,188.6274169979695,0.7682001218022406,0.9453740157480315,49.455971989601494,33.06767308693389,16.578344612181155,0.6022455096244812,1.0,0.8641604
2,2969.0,238.42640687119285,0.839808994406191,0.9172072907012666,61.483723116925006,97.65914449309531,19.07881441562816,0.6388121843338013,0.9967482686042786,0.93126756
3,8318.0,442.40306627407995,0.8978891879771395,0.8605421063521622,102.91164430280513,218.07802356335657,29.941933157008897,0.6200380325317383,1.0,0.91965187
4,8712.0,438.7462120245875,0.8260960913499735,0.9035469819539514,105.32076202597823,340.1432506887052,34.34607438016529,0.59028160572052,1.0,0.8971823
5,97.0,69.24264068711928,0.9945448118105374,0.8508771929824561,11.11324596323283,42.649484536082475,36.4639175257732,0.6337811946868896,0.941284716129303,0.8068771
6,57.0,27.313708498984763,0.4927363134528485,0.9047619047619048,8.51907589177983,10.298245614035087,37.70175438596491,0.6563593149185181,0.782808780670166,0.7316432
7,170.0,86.97056274847715,0.9895486385965475,0.6772908366533864,14.712264360219255,43.98235294117647,39.758823529411764,0.6816369295120239,0.9976072311401367,0.8631775
8,100.0,70.48528137423857,0.9960267741846496,0.8695652173913043,11.283791670955125,82.01,41.47,0.6596110463142395,0.9945395588874817,0.90004915
9,16.0,12.207106781186548,0.8514055971008102,0.9411764705882353,4.51351666838205,2.1875,41.9375,0.6820663809776306,0.7830541729927063,0.7011166
10,89.0,62.48528137423857,0.9948787577238682,0.8725490196078431,10.645107772184812,41.13483146067416,43.550561797752806,0.7380207180976868,0.9986502528190613,0.9142306
11,99.0,69.07106781186548,0.9958831165066183,0.868421052631579,11.227230955528665,84.79797979797979,44.57575757575758,0.7338486909866333,0.9945395588874817,0.9022799
12,33.0,31.0,0.9995398526410995,0.6875,6.4820448144285745,85.36363636363636,46.63636363636363,0.7347689867019653,0.9945395588874817,0.8747553
13,177.0,94.59188309203678,0.9880326969989427,0.5959595959595959,15.012108426804138,75.46892655367232,47.0,0.6470335721969604,0.9952144026756287,0.8545861
14,74.0,71.62132034355965,0.9985285146875487,0.8131868131868132,9.706684619910241,81.20270270270271,51.08108108108108,0.6475244164466858,0.9952757954597473,0.8325407
15,537.0,118.32590180780453,0.8597375119997448,0.7306122448979592,26.148224328293928,29.521415270018622,50.01117318435754,0.5825510621070862,1.0,0.8599567
16,69.0,66.41421356237309,0.9982681022000562,0.8117647058823529,9.373021315815206,81.43478260869566,53.130434782608695,0.6562365889549255,0.9764402508735657,0.8392201
17,30.0,27.621320343559642,0.9898219451991798,0.8333333333333334,6.180387232371033,17.2,58.13333333333333,0.7840358018875122,1.0,0.94194126
18,221.0,59.48528137423857,0.6641680737734522,0.8911290322580645,16.774562271083887,8.46606334841629,54.2579185520362,0.5734094381332397,1.0,0.73421764
19,33.0,30.82842712474619,0.9925330123511656,0.8461538461538461,6.4820448144285745,39.0,56.0,0.9973617792129517,0.9993864893913269,0.99836016
20,18.0,16.0,0.9982816351111093,0.6923076923076923,4.787307364817192,38.111111111111114,57.611111111111114,0.7747714519500732,0.9993864893913269,0.93270546
21,249.0,169.0710678118655,0.9993343960292052,0.8615916955017301,17.805522925178455,211.24899598393574,60.273092369477915,0.6796736121177673,1.0,0.9247853
22,26.0,23.621320343559642,0.9859804644253694,0.8125,5.753627391751592,9.307692307692308,62.88461538461539,0.6860543489456177,0.9835572838783264,0.7930194
23,3844.0,288.5512985522207,0.9174471826020979,0.8752276867030966,69.95950835992178,217.90790842872008,81.89125910509885,0.5971531867980957,1.0,0.9262026
24,29.0,26.82842712474619,0.9902751308747043,0.8285714285714286,6.076507779746499,10.0,65.0,0.6617583632469177,0.9149027466773987,0.7615361
25,173.0,117.86396103067892,0.9986514576403996,0.865,14.841510746523857,330.1098265895954,72.32369942196532,0.6326768398284912,0.9974845051765442,0.8886123
26,173.0,117.86396103067892,0.998668261477731,0.865,14.841510746523857,327.1329479768786,75.39306358381504,0.6703478693962097,0.996625542640686,0.87773424
27,230.0,120.69238815542512,0.9976300974540848,0.8914728682170543,17.112717355495807,323.3695652173913,78.97391304347826,0.6563593149185181,0.9968709945678711,0.8504555
28,173.0,117.86396103067892,0.9986774814087848,0.8606965174129353,14.841510746523857,320.1849710982659,82.54913294797687,0.6567274332046509,0.9968709945678711,0.88301414
29,369.0,96.38477631085024,0.944234055554487,0.803921568627451,21.675455981530703,5.048780487804878,80.57723577235772,0.6105896234512329,1.0,0.8589785
30,43.0,40.82842712474619,0.9955569007101347,0.8269230769230769,7.399277020331919,8.883720930232558,87.44186046511628,0.7126203775405884,1.0,0.7717224
31,44.0,41.621320343559645,0.9957594319145581,0.8148148148148148,7.48482063701911,11.022727272727273,85.75,0.6011411547660828,1.0,0.74416727
32,173.0,117.86396103067892,0.9986644734355022,0.8606965174129353,14.841510746523857,316.8728323699422,85.6242774566474,0.6305908560752869,0.9969936609268188,0.86135864
33,44.0,41.621320343559645,0.9956724995099537,0.8301886792452831,7.48482063701911,13.159090909090908,83.81818181818181,0.6016319990158081,1.0,0.7785238
34,173.0,117.86396103067892,0.9986469238822578,0.8606965174129353,14.841510746523857,313.8959537572254,88.69364161849711,0.6715749502182007,0.9971163868904114,0.8696427
35,4386.0,329.0782104868019,0.7533783967581047,0.7895589558955896,74.72903480715125,65.96169630642954,90.41632466940264,0.5696054697036743,1.0,0.88251483
36,254.0,132.69238815542514,0.9980466399487248,0.8912280701754386,17.983404693292407,244.60236220472441,98.91338582677166,0.6100987792015076,1.0,0.9325704
37,2262.0,215.3797256769669,0.8974451227210105,0.8815276695245519,53.66626361310184,31.968611847922194,110.9420866489832,0.596723735332489,0.9996932148933411,0.9056552
38,322.0,137.52081528017132,0.9970564851230601,0.9121813031161473,20.248040236149336,239.6024844720497,103.50621118012423,0.682250440120697,1.0,0.9049402
39,77.0,53.656854249492376,0.9929171330037514,0.8651685393258427,9.901487006738307,125.48051948051948,107.50649350649351,0.6434137225151062,0.8639180064201355,0.7701986
40,258.0,134.69238815542514,0.9981070687574006,0.8896551724137931,18.12445316531431,235.14728682170542,108.09302325581395,0.6274004578590393,0.9996932148933411,0.9099234
41,66.0,63.621320343559645,0.9980763251396647,0.8148148148148148,9.166995688475081,87.72727272727273,117.62121212121212,0.668998122215271,0.9988956451416016,0.88921887
42,69.0,49.07106781186547,0.9913365071122473,0.8734177215189873,9.373021315815206,122.5072463768116,108.18840579710145,0.6933554410934448,0.9788944125175476,0.8042452
43,1137.0,153.19595949289334,0.8264125870253279,0.8841368584758943,38.0483030155601,171.22867194371153,107.61653474054529,0.5892385840415955,0.9988956451416016,0.84517115
44,122.0,81.6923881554251,0.9965268248951159,0.7484662576687117,12.463355264843006,90.18032786885246,119.09016393442623,0.6717590093612671,0.9988343119621277,0.8666019
45,1235.0,159.15432893255073,0.7621147430300791,0.8834048640915594,39.65414023463283,106.0,113.13927125506073,0.6242100596427917,0.9987115859985352,0.84482247
46,326.0,104.72792206135786,0.9890554221242976,0.9287749287749287,20.37341629633241,156.5245398773006,111.86196319018404,0.6220013499259949,0.9711025357246399,0.75449055
47,916.0,133.698484809835,0.7135991615926003,0.8919182083739046,34.15095054280933,140.9552401746725,109.3264192139738,0.49984660744667053,0.9853365421295166,0.7677107
48,2229.0,208.56854249492383,0.9093121581298237,0.9661898569570871,53.27336055867583,399.7554957379991,104.31583669807088,0.5821829438209534,0.9993864893913269,0.8567671
49,3086.0,245.81118318204307,0.5479990393775497,0.8644257703081233,62.68346859462,226.44685677252107,135.4549578742709,0.5489907264709473,1.0,0.87780976
50,3463.0,303.19595949289334,0.8846621516616053,0.7390098164746052,66.40202213350034,327.2307248050823,127.99884493213976,0.6388121843338013,0.9998772740364075,0.89645153
51,702.0,214.97056274847716,0.9975762872875632,0.9335106382978723,29.896724911001275,351.51424501424503,128.6908831908832,0.6409595608711243,0.9984048008918762,0.9084923
52,749.0,228.72792206135787,0.9978750585186923,0.9292803970223326,30.881327999401787,358.5086782376502,125.48331108144193,0.6075219511985779,0.9981594085693359,0.8740912
53,3684.0,324.3380951166243,0.9350377462491348,0.8107394366197183,68.48806087782263,380.46362649294247,138.7100977198697,0.6069697737693787,0.998772919178009,0.883332
54,151.0,60.72792206135786,0.9625637925419901,0.9096385542168675,13.86575534383214,136.52980132450332,128.98675496688742,0.6386895179748535,0.9973617792129517,0.82602113
55,88.0,85.62132034355965,0.9989375578434911,0.8148148148148148,10.585134856802455,254.67045454545453,141.0909090909091,0.641634464263916,0.9993250966072083,0.8759587
56,26.0,23.621320343559642,0.9871897123696988,0.8387096774193549,5.753627391751592,23.0,128.76923076923077,0.819130003452301,0.9934965372085571,0.9371976
57,16.0,13.621320343559642,0.9648119846208285,0.8888888888888888,4.51351666838205,116.25,129.9375,0.7925639748573303,0.9549665451049805,0.8174313
58,412.0,84.5269119345812,0.6175498187726897,0.9217002237136466,22.903595622322865,178.9902912621359,136.0242718446602,0.6555616855621338,0.9971163868904114,0.80996245
59,175.0,93.31370849898475,0.995601524631254,0.9067357512953368,14.927053303604616,257.78285714285715,138.33714285714285,0.7472851276397705,0.9992637634277344,0.91010636
60,141.0,64.10660171779821,0.9853388060070832,0.9155844155844156,13.398760233979036,190.5035460992908,131.2836879432624,0.6752561330795288,0.9974231719970703,0.85507625
61,87.0,84.82842712474618,0.9989532727403173,0.8130841121495327,10.524820207108489,260.8965517241379,135.44827586206895,0.7470396757125854,0.9990183711051941,0.8978177
62,92.0,40.14213562373095,0.7457769303287497,0.8598130841121495,10.823032759612019,118.90217391304348,134.15217391304347,0.646604061126709,0.8325664401054382,0.7332917
63,131.0,89.86396103067892,0.9977000599728637,0.8675496688741722,12.914889870235298,263.48091603053433,132.82442748091603,0.7011473178863525,0.9989569783210754,0.8834186
64,175.0,117.86396103067892,0.9986566748508147,0.8620689655172413,14.927053303604616,316.89714285714285,155.73142857142858,0.7199214696884155,0.9994478225708008,0.94117326
65,88.0,85.62132034355965,0.9989755610615925,0.8073394495412844,10.585134856802455,266.0568181818182,130.2840909090909,0.6964844465255737,0.9980980157852173,0.87561697
66,94.0,51.242640687119284,0.9868825256791539,0.9791666666666666,10.940041919714261,140.75531914893617,134.51063829787233,0.6775875687599182,0.8879685997962952,0.79630476
67,89.0,86.82842712474618,0.9989901528357824,0.8165137614678899,10.645107772184812,268.13483146067415,128.06741573033707,0.6964231133460999,0.9991410374641418,0.8782479
68,117.0,114.82842712474618,0.9994015981637612,0.8068965517241379,12.205286835384658,314.34188034188037,153.82905982905982,0.8147125840187073,0.9993864893913269,0.95869285
69,89.0,86.82842712474618,0.9989653229669464,0.8090909090909091,10.645107772184812,270.2022471910112,126.10112359550561,0.6820663809776306,0.999079704284668,0.8821366
70,2258.0,255.71067811865476,0.9579905242795158,0.8605182926829268,53.618792340111476,299.7028343666962,154.71744906997344,0.6286888718605042,0.9997546076774597,0.8959868
71,88.0,84.62132034355965,0.998938052111811,0.8073394495412844,10.585134856802455,272.27272727272725,124.375,0.7023130059242249,0.9990183711051941,0.8887627
72,930.0,144.64570696119915,0.9276208034521619,0.8823529411764706,34.41093978088511,20.686021505376345,141.80967741935484,0.6253144145011902,0.9955825805664062,0.89268905
73,1067.0,208.66904755831214,0.9565974989297078,0.6265413975337639,36.85846706297507,271.9850046860356,147.44892221180882,0.6091784834861755,0.9992637634277344,0.9080201
74,511.0,179.31370849898477,0.9976160367411626,1.0,25.507359866510456,284.50293542074365,138.08610567514677,0.6940302848815918,0.9998159408569336,0.94720817
75,425.0,96.04163056034263,0.6934152216033371,0.8126195028680688,23.26213245840639,138.56235294117647,145.32470588235293,0.6197312474250793,0.9682189226150513,0.7954666
76,67.0,30.9350288425444,0.8010485526809582,0.8701298701298701,9.23618154310838,123.77611940298507,141.11940298507463,0.6390576362609863,0.8082091212272644,0.7445096
77,975.0,183.01219330881975,0.9608426100620665,0.7190265486725663,35.233628199729644,8.211282051282051,151.58153846153846,0.5632860660552979,0.9993864893913269,0.85679173
78,133.0,42.384776310850235,0.6487693787854764,0.9366197183098591,13.013103375051497,156.62406015037595,143.8796992481203,0.7499232888221741,0.9057610630989075,0.82502997
79,131.0,53.17766952966369,0.726864971352677,0.7485714285714286,12.914889870235298,158.4351145038168,153.06106870229007,0.6715749502182007,0.8832443952560425,0.7936688
80,123.0,42.142135623730944,0.7183242590290453,0.984,12.514330345744634,169.08943089430895,150.85365853658536,0.6393643617630005,0.9435548186302185,0.7663326
81,531.0,96.94112549695429,0.5523103237989583,0.9076923076923077,26.001734523957655,203.0225988700565,162.67796610169492,0.6107736825942993,0.9963188171386719,0.8321489
82,39.0,28.242640687119284,0.971955921475353,0.8863636363636364,7.046725639945928,136.84615384615384,156.48717948717947,0.7124977111816406,0.9422664046287537,0.83222973
83,20.0,17.621320343559642,0.9776265473273626,0.8695652173913043,5.046265044040321,153.8,156.85,0.6919443011283875,0.8396220803260803,0.77542794
84,20.0,17.621320343559642,0.9776265473273625,0.8695652173913043,5.046265044040321,155.2,159.15,0.7137247920036316,0.8781520128250122,0.79699373
85,130.0,46.5208152801713,0.45572640964886924,0.8496732026143791,12.865501965161373,138.33846153846153,162.93846153846152,0.6515737175941467,0.8826922178268433,0.7177397
86,172.0,55.4558441227157,0.5553323486859639,0.86,14.798554040663838,149.82558139534885,164.42441860465115,0.649671733379364,0.8923860192298889,0.77109885
87,581.0,104.42640687119285,0.7658464975587618,0.8723723723723724,27.19838553096727,181.73666092943202,165.09982788296043,0.5999141335487366,0.9957666397094727,0.8426456
88,31.0,18.48528137423857,0.7862740438228212,0.96875,6.282549314314218,221.80645161290323,164.09677419354838,0.6498557925224304,0.8517700433731079,0.70396566
89,17.0,14.414213562373096,0.9658358903628802,0.85,4.652426491681278,172.05882352941177,169.47058823529412,0.6472789645195007,0.8424443006515503,0.7940653
90,11.0,9.035533905932738,0.8468413944019119,0.9166666666666666,3.742410318509555,137.0909090909091,170.8181818181818,0.6388735771179199,0.6929259300231934,0.67410713
91,603.0,97.98275605729691,0.6296391732859877,0.9220183486238532,27.70854462932514,163.56384742951906,178.06633499170812,0.5794833898544312,0.976931095123291,0.7944932
92,609.0,104.25483399593905,0.7777945150099103,0.9354838709677419,27.846056861676377,269.6009852216749,184.48111658456486,0.6471562385559082,0.9995705485343933,0.8702009
93,62.0,30.692388155425114,0.7261631037396973,0.8732394366197183,8.884866446580956,208.33870967741936,178.32258064516128,0.6766672730445862,0.9482176899909973,0.83012027
94,54.0,32.692388155425114,0.9464508708896086,0.8181818181818182,8.291859587312052,213.90740740740742,177.27777777777777,0.6755015850067139,0.9481563568115234,0.83141315
95,17.0,14.414213562373096,0.9658358903628802,0.85,4.652426491681278,216.05882352941177,179.52941176470588,0.7485735416412354,0.8785815238952637,0.84177303
96,94.0,36.14213562373095,0.37307032046060506,0.8952380952380953,10.940041919714261,20.595744680851062,182.82978723404256,0.6816369295120239,0.855758011341095,0.72818726
97,11.0,10.242640687119286,0.8029966139691335,1.0,3.742410318509555,133.72727272727272,182.72727272727272,0.6386895179748535,0.6464200019836426,0.6420026
98,30.0,21.621320343559642,0.9650461122405983,0.967741935483871,6.180387232371033,150.96666666666667,182.13333333333333,0.7637278437614441,0.940609872341156,0.8181525
99,189.0,60.87005768508881,0.78179807115225,0.8362831858407079,15.512648837479231,141.989417989418,178.74603174603175,0.635499119758606,0.9322044253349304,0.7438257
100,67.0,31.31370849898476,0.5063395732522491,0.8072289156626506,9.23618154310838,197.955223880597,182.5820895522388,0.6816369295120239,0.9946008920669556,0.80117905
101,146.0,59.31370849898476,0.9502689787525785,0.8588235294117647,13.63425735166143,412.17123287671234,183.58219178082192,0.6396098136901855,0.9564390182495117,0.77873296
102,57.0,27.899494936611667,0.5306008426132591,0.890625,8.51907589177983,205.56140350877192,184.59649122807016,0.653046190738678,0.9946622252464294,0.7596204
103,13.0,10.414213562373096,0.9375978123483881,0.8666666666666667,4.068428945128219,396.0769230769231,183.53846153846155,0.7242162227630615,0.7971041202545166,0.7432735
104,226.0,58.485281374238575,0.43316683471533135,0.9300411522633745,16.96325844612841,6.946902654867257,186.42920353982302,0.6837229132652283,0.9995091557502747,0.83936656
105,24.0,21.621320343559642,0.9849097240019141,0.8571428571428571,5.527906391541368,408.0416666666667,186.25,0.6992453336715698,0.9374808073043823,0.80352324
106,173.0,52.97056274847714,0.5310848708851992,0.8871794871794871,14.841510746523857,401.3468208092485,188.52023121387282,0.7242162227630615,0.9601815938949585,0.815835
107,17.0,14.82842712474619,0.9646221497686943,0.8095238095238095,4.652426491681278,207.0,189.0,0.6526167392730713,0.6796736121177673,0.6668507
108,13.0,10.414213562373096,0.9375978123483882,0.8666666666666667,4.068428945128219,217.53846153846155,189.92307692307693,0.648076593875885,0.7012086510658264,0.660923
109,15.0,12.414213562373096,0.955076820277326,0.8823529411764706,4.370193722368317,285.0,190.0,0.6485060453414917,0.9178476929664612,0.82304025
110,95.0,40.48528137423857,0.8254413706741927,0.8558558558558559,10.998079684646791,147.25263157894736,193.01052631578946,0.6393643617630005,0.997852623462677,0.8083364
111,12.0,9.621320343559642,0.92158211354721,0.8571428571428571,3.9088200952233594,394.0,193.25,0.7080802321434021,0.7547702193260193,0.7459455
112,191.0,53.798989873223334,0.60688075793441,0.9138755980861244,15.594510349620345,137.84816753926702,196.40837696335078,0.6474630236625671,0.9979139566421509,0.7624584
113,55.0,30.10660171779821,0.8824828111591531,0.8088235294117647,8.368283871884005,390.41818181818184,196.1818181818182,0.6458064913749695,0.7568562626838684,0.7012969
114,1094.0,150.60407640085654,0.8089977680128901,0.9193277310924369,37.32189788770486,237.72486288848262,184.0511882998172,0.6008344292640686,0.9970550537109375,0.83351344
115,76.0,35.692388155425114,0.85886222058078,0.8636363636363636,9.83698151873187,157.1184210526316,194.5921052631579,0.6390576362609863,0.9973617792129517,0.7925188
116,183.0,53.72792206135786,0.780452962306191,0.905940594059406,15.26443044094783,211.9344262295082,195.2295081967213,0.6498557925224304,0.9960733652114868,0.8028285
117,38.0,21.31370849898476,0.743646474812794,0.8837209302325582,6.955796338302048,15.947368421052632,196.3684210526316,0.6658690571784973,0.9177863597869873,0.70388395
118,11.0,11.207106781186548,0.9518683762700559,1.0,3.742410318509555,153.72727272727272,197.54545454545453,0.7525615096092224,0.9421436786651611,0.8417806
119,180.0,51.55634918610404,0.6569014287122242,0.9183673469387755,15.138795132120961,194.55,192.9111111111111,0.682557225227356,0.9961347579956055,0.8129981
120,21.0,15.692388155425117,0.7246863639387265,0.9130434782608695,5.170882945826411,12.761904761904763,200.0,0.6931099891662598,0.8242223262786865,0.769241
121,33.0,23.621320343559642,0.9698459516660644,0.9705882352941176,6.4820448144285745,156.36363636363637,199.9090909090909,0.641634464263916,0.9086446762084961,0.8188363
122,123.0,41.071067811865476,0.4333580321266269,0.9609375,12.514330345744634,4.764227642276423,200.7479674796748,0.5973372459411621,0.9991410374641418,0.8212031
123,97.0,41.14213562373095,0.7838693525476826,0.8981481481481481,11.11324596323283,277.41237113402065,203.51546391752578,0.5732867121696472,0.8710350394248962,0.7214388
124,89.0,36.3492424049175,0.3506698709542966,0.8811881188118812,10.645107772184812,156.42696629213484,205.95505617977528,0.7150132060050964,0.9044726490974426,0.820162
125,263.0,68.38477631085024,0.4359784600051368,0.8622950819672132,18.29923496393627,288.60076045627375,206.1596958174905,0.6387508511543274,0.8820173144340515,0.7527104
126,156.0,48.627416997969526,0.7705362386593744,0.9176470588235294,14.093451279891855,404.90384615384613,201.97435897435898,0.6566047072410583,0.9428185820579529,0.8130406
127,201.0,58.384776310850235,0.7491847238426793,0.8893805309734514,15.99753570059363,193.8507462686567,207.0,0.6829866766929626,0.9965642094612122,0.8486275
128,51.0,24.828427124746188,0.7345582439952119,0.9807692307692307,8.058239062071396,3.764705882352941,209.47058823529412,0.5974599719047546,0.9051475524902344,0.75450075
129,23.0,20.414213562373096,0.9823815697849207,0.8214285714285714,5.4115163798060095,200.08695652173913,210.04347826086956,0.6831094026565552,0.9377875924110413,0.8167559
130,1213.0,158.98885271170678,0.7032769205425184,0.8682891911238368,39.299358363257696,175.11129431162408,211.59769167353667,0.6389962434768677,0.9986502528190613,0.82932454
131,71.0,32.14213562373095,0.8094413616774605,0.922077922077922,9.507891862878783,124.07042253521126,215.6338028169014,0.6379532217979431,0.7498006224632263,0.67371285
132,972.0,142.25483399593907,0.930895771705046,0.9274809160305344,35.17938085701024,250.02880658436214,207.99897119341563,0.627155065536499,0.9986502528190613,0.8531687
133,585.0,105.7401153701776,0.31767812718451727,0.8796992481203008,27.29185104880338,143.02051282051283,220.62564102564102,0.5565985441207886,0.9971777200698853,0.78414744
134,15.0,12.414213562373096,0.955076820277326,0.8823529411764706,4.370193722368317,121.0,221.0,0.6390576362609863,0.7038468718528748,0.67750984
135,566.0,103.97665940288702,0.855082629410045,0.930921052631579,26.844991754889815,209.10247349823322,219.13250883392226,0.6325541734695435,0.9985275268554688,0.84623003
136,236.0,65.79898987322333,0.7438240167904324,0.8644688644688645,17.334489682638438,18.216101694915253,220.63983050847457,0.6760537624359131,0.9453954100608826,0.76456696
137,18.0,14.242640687119284,0.6276662828968657,0.8181818181818182,4.787307364817192,120.16666666666667,223.66666666666666,0.639793872833252,0.6989386081695557,0.67247814
138,21.0,14.242640687119286,0.712241974147557,1.0,5.170882945826411,289.85714285714283,221.85714285714286,0.6658690571784973,0.6889379620552063,0.67705876
139,196.0,52.242640687119284,0.7024057371769801,0.9849246231155779,15.797308339337176,5.321428571428571,221.2295918367347,0.7201668620109558,0.9959506988525391,0.8520417
140,22.0,15.86396103067893,0.7644398449211225,0.8148148148148148,5.292567428401227,116.36363636363636,224.27272727272728,0.6547641158103943,0.7412111163139343,0.672604
141,644.0,162.70458146424488,0.897437364754334,0.5309150865622424,28.635053113438516,233.81055900621118,220.93944099378882,0.658261239528656,0.9987115859985352,0.8789976
142,120.0,83.07106781186548,0.9971349372923485,0.8695652173913043,12.360774464742066,250.25833333333333,226.3,0.659488320350647,0.9995091557502747,0.8572918
143,31.0,22.44974746830583,0.9679398254117947,0.8857142857142857,6.282549314314218,164.80645161290323,229.4516129032258,0.5544511675834656,0.9491993188858032,0.7944619
144,121.0,84.48528137423857,0.997257457988217,0.8705035971223022,12.412170838050638,247.46280991735537,229.38842975206612,0.6943370699882507,0.9996318817138672,0.848497
145,25.0,16.48528137423857,0.6589752126678906,0.8928571428571429,5.641895835477563,116.28,229.56,0.6386895179748535,0.7447696328163147,0.69594455
146,15.0,12.414213562373096,0.955076820277326,0.8823529411764706,4.370193722368317,139.0,232.0,0.7644027471542358,0.9779741168022156,0.91992134
147,85.0,33.65685424949238,0.836615193051926,1.0,10.403141895720198,5.6,233.0,0.6862384080886841,0.9857046604156494,0.88995147
148,161.0,87.31370849898475,0.9951919555064803,0.8994413407821229,14.317526556719258,244.0,233.0,0.6977728605270386,1.0,0.85189116
149,1004.0,164.76955262170048,0.8431526983697282,0.8530161427357689,35.75377606511099,404.199203187251,228.15637450199202,0.4825449287891388,1.0,0.82544017
150,123.0,41.89949493661167,0.7768687376288852,0.9389312977099237,12.514330345744634,20.70731707317073,234.70731707317074,0.6618810892105103,0.801582932472229,0.72532845
151,95.0,41.21320343559642,0.7981218013991579,0.8482142857142857,10.998079684646791,109.06315789473685,233.0,0.6363580822944641,0.7984538674354553,0.68248487
152,287.0,77.79898987322332,0.7396533909280554,0.8541666666666666,19.115955360352558,162.3623693379791,236.8048780487805,0.555862307548523,0.9986502528190613,0.8451088
153,435.0,105.97665940288702,0.8179876767889209,0.8682634730538922,23.534213434057992,132.59310344827585,238.13333333333333,0.6343333721160889,0.9835572838783264,0.758285
154,121.0,84.48528137423857,0.997257457988217,0.8705035971223022,12.412170838050638,240.53719008264463,236.61157024793388,0.7698018550872803,0.9660715460777283,0.82410467
155,28.0,18.27817459305202,0.45694940884484236,0.875,5.970821321441846,70.28571428571429,238.75,0.6555003523826599,0.802503228187561,0.72135675
156,29.0,19.863961030678926,0.739905776519888,0.8285714285714286,6.076507779746499,79.48275862068965,238.20689655172413,0.6514509916305542,0.8498067259788513,0.7932664
157,588.0,98.8111831820431,0.7432119544255548,0.9130434782608695,27.361740666563517,196.49319727891157,238.2721088435374,0.6394257545471191,1.0,0.82763153
158,87.0,39.142135623730944,0.7791729002490043,0.8130841121495327,10.524820207108489,291.13793103448273,236.90804597701148,0.6245781779289246,0.9079084396362305,0.6987665
159,107.0,44.14213562373095,0.8642828398048888,0.8916666666666667,11.67204486311899,3.383177570093458,242.7289719626168,0.6715136170387268,0.9841094613075256,0.83935034
160,120.0,83.07106781186548,0.9971349372923485,0.8695652173913043,12.360774464742066,237.74166666666667,239.7,0.6402233242988586,1.0,0.82801914
161,227.0,62.17766952966368,0.40439141075866986,0.8697318007662835,17.000746355818674,37.44933920704846,239.80616740088107,0.6360512971878052,0.9527578353881836,0.7647014
162,29.0,17.48528137423857,0.5894795034977588,0.9354838709677419,6.076507779746499,75.51724137931035,241.3793103448276,0.6439045071601868,0.8317074775695801,0.71120936
163,114.0,39.72792206135786,0.7481182578031684,0.912,12.047792665040703,86.74561403508773,241.68421052631578,0.6431069374084473,0.8639180064201355,0.756246
164,119.0,43.59188309203678,0.7328137332981309,0.937007874015748,12.309163489997376,107.97478991596638,242.23529411764707,0.640407383441925,0.9321430921554565,0.7732386
165,39.0,20.828427124746188,0.6159203754645358,0.975,7.046725639945928,150.56410256410257,245.05128205128204,0.7072213292121887,0.8426283597946167,0.7171921
166,39.0,27.242640687119284,0.9743100281162406,0.8478260869565217,7.046725639945928,162.53846153846155,245.51282051282053,0.65114426612854,0.9528805613517761,0.87968427
167,78.0,33.10660171779821,0.6411695262014167,0.896551724137931,9.965574970333758,116.64102564102564,247.05128205128204,0.7217620611190796,0.8862506747245789,0.76525223
168,159.0,54.83452377915607,0.6098374786797673,0.8368421052631579,14.228319915326999,386.1823899371069,248.35220125786162,0.6186882853507996,0.8303576707839966,0.6917792
169,390.0,84.18376618407356,0.7648612914323331,0.8647450110864745,22.283703068536735,54.38974358974359,245.34102564102565,0.6383213400840759,0.9802441596984863,0.7630315
170,43.0,27.071067811865476,0.8892347671143856,0.8431372549019608,7.399277020331919,125.32558139534883,248.2093023255814,0.6232284307479858,0.9828823804855347,0.7815174
171,3786.0,337.5929291125633,0.825934871499807,0.7761377613776138,69.42971205735572,262.22398309561544,257.87480190174324,0.5599116683006287,1.0,0.85467654
172,456.0,85.73401871576775,0.6170644461489958,0.9047619047619048,24.095585330081406,14.787280701754385,249.78728070175438,0.6377691626548767,0.92251056432724,0.76695526
173,33.0,19.071067811865476,0.8005494203685337,1.0,6.4820448144285745,82.06060606060606,250.6060606060606,0.6411436200141907,0.9265599250793457,0.83917034
174,174.0,52.17766952966369,0.5486457853858117,0.9015544041450777,14.884343478431232,162.1494252873563,253.1494252873563,0.6460518836975098,0.9522669911384583,0.80949086
175,639.0,108.76955262170048,0.7270391700006456,0.8838174273858921,28.523675588636344,188.69014084507043,256.01564945226914,0.6297318935394287,1.0,0.80569893
176,100.0,48.106601717798206,0.9482030312932169,0.819672131147541,11.283791670955125,171.72,254.37,0.6391189694404602,0.9099331498146057,0.7766262
177,13.0,10.207106781186548,0.7743457464718221,0.9285714285714286,4.068428945128219,376.0769230769231,252.30769230769232,0.6409595608711243,0.6643352508544922,0.65266865
178,86.0,40.14213562373095,0.8336522484643928,0.7962962962962963,10.464157913908982,124.96511627906976,254.96511627906978,0.640407383441925,0.8414626717567444,0.7935735
179,81.0,31.65685424949238,0.5271852210359109,0.9759036144578314,10.155412503859614,148.8395061728395,253.34567901234567,0.6635990142822266,0.8850849866867065,0.7502922
180,46.0,25.313708498984763,0.7524967055330012,0.9019607843137255,7.653039857325812,114.19565217391305,255.2608695652174,0.6408368349075317,0.8482729196548462,0.70861775
181,146.0,48.278174593052015,0.7288491455205942,0.9299363057324841,13.63425735166143,137.04109589041096,254.14383561643837,0.6714522242546082,0.829866886138916,0.7353573
182,443.0,80.91168824543142,0.6824481700044994,0.9365750528541226,23.74963406702674,98.72234762979684,255.1625282167043,0.6332904100418091,0.9557641744613647,0.77745867
183,58.0,29.899494936611667,0.7520956498720349,0.9354838709677419,8.593479713983122,369.2586206896552,259.2758620689655,0.6389962434768677,0.9087674021720886,0.68823874
184,11.0,10.242640687119286,0.8696694471536168,1.0,3.742410318509555,318.90909090909093,261.27272727272725,0.6395484209060669,0.6565433740615845,0.647424
185,21.0,18.414213562373096,0.978628681005368,0.84,5.170882945826411,217.04761904761904,262.4761904761905,0.7053806781768799,0.8836125135421753,0.8342493
186,348.0,78.14213562373097,0.6986132750325575,0.9206349206349206,21.049640414216977,404.9080459770115,259.7758620689655,0.644702136516571,1.0,0.8434152
187,73.0,30.485281374238568,0.7659525319369668,0.9605263157894737,9.640875829802336,150.97260273972603,263.54794520547944,0.6596110463142395,0.9014049768447876,0.7337033
188,114.0,41.106601717798206,0.4861930166199529,0.912,12.047792665040703,387.8859649122807,263.46491228070175,0.6391803026199341,0.804650604724884,0.7332185
189,615.0,103.74011537017762,0.6276286475968097,0.9332321699544764,27.982893345973448,70.13821138211382,260.7154471544715,0.6519418358802795,0.998772919178009,0.83648473
190,75.0,34.10660171779821,0.7434132396634727,0.8620689655172413,9.772050238058398,159.92,265.81333333333333,0.6387508511543274,0.9063746333122253,0.76585716
191,201.0,57.55634918610404,0.33038984485265815,0.8973214285714286,15.99753570059363,209.5820895522388,264.04477611940297,0.6298546195030212,1.0,0.83226645
192,78.0,37.10660171779821,0.842634782007951,0.8041237113402062,9.965574970333758,381.11538461538464,269.44871794871796,0.6391803026199341,0.9514080882072449,0.751646
193,440.0,95.0477272147525,0.7384916320496996,0.8413001912045889,23.66908109081279,36.529545454545456,263.4,0.6086876392364502,0.9983434677124023,0.7944948
194,192.0,58.349242404917504,0.7667384730223697,0.8609865470852018,15.635280380893438,87.00520833333333,265.3333333333333,0.5442051887512207,0.9979753494262695,0.8647687
195,43.0,26.48528137423857,0.908859490924027,0.86,7.399277020331919,165.13953488372093,266.8837209302326,0.681330144405365,0.9571139216423035,0.88005686
196,68.0,33.31370849898476,0.9121151607641016,0.918918918918919,9.304852983362556,311.5147058823529,266.4117647058824,0.6671574711799622,0.7644640803337097,0.726563
197,183.0,56.2842712474619,0.7926285871336426,0.9432989690721649,15.26443044094783,111.79781420765028,266.9781420765027,0.6402233242988586,0.9779127836227417,0.7914932
198,60.0,28.86396103067893,0.7619187231926307,0.9230769230769231,8.740387444736633,305.96666666666664,270.76666666666665,0.6480152010917664,0.7723172903060913,0.70426
199,13.0,10.82842712474619,0.9350588483818555,0.8666666666666667,4.068428945128219,391.0,270.0,0.6858089566230774,0.7662433385848999,0.73206955
200,24.0,21.621320343559642,0.9849097240019141,0.8571428571428571,5.527906391541368,30.041666666666668,271.25,0.6002208590507507,0.9580956101417542,0.7926534
201,475.0,92.94112549695429,0.7616195411824406,0.9082217973231358,24.592453796829673,137.5557894736842,269.94105263157894,0.5053070783615112,0.9838640689849854,0.7884804
202,13.0,11.0,0.9962942897654247,0.7222222222222222,4.068428945128219,28.384615384615383,270.61538461538464,0.5992392301559448,0.8648996949195862,0.7187369
203,96.0,42.520815280171306,0.7856654397370213,0.8421052631578947,11.055812783082736,190.94791666666666,273.6145833333333,0.6408982276916504,0.8951469659805298,0.7573509
204,91.0,42.242640687119284,0.9496069438956729,0.9479166666666666,10.764051215546116,208.46153846153845,273.15384615384613,0.6843364834785461,1.0,0.84785014
205,26.0,23.621320343559642,0.9872402253059792,0.8387096774193549,5.753627391751592,88.73076923076923,273.9230769230769,0.7165470123291016,0.891404390335083,0.81266904
206,438.0,94.83452377915607,0.689715239517571,0.8605108055009824,23.615226456547084,357.30593607305934,271.72146118721463,0.6375851035118103,0.8459414839744568,0.7226972
207,158.0,49.42031021678298,0.6935685371809861,0.88268156424581,14.183506197980657,173.03164556962025,270.2911392405063,0.6063562035560608,0.9557641744613647,0.76925504
208,26.0,20.48528137423857,0.9430131511985695,0.896551724137931,5.753627391751592,184.5,275.61538461538464,0.7196146845817566,0.8181483745574951,0.76668227
209,335.0,88.2842712474619,0.8760384223120259,0.8052884615384616,20.65272978291924,338.3462686567164,270.57910447761196,0.6340879797935486,0.8963126540184021,0.7638541
210,53.0,25.65685424949238,0.6518421696503569,0.9464285714285714,8.214724333230155,392.0377358490566,274.8301886792453,0.6796736121177673,0.8231179714202881,0.7471034
211,352.0,84.18376618407358,0.6524862120760035,0.9142857142857143,21.17026971360491,61.43181818181818,277.45170454545456,0.5942695736885071,0.9987115859985352,0.82113284
212,56.0,31.071067811865476,0.9221301006494849,0.9491525423728814,8.444016491289505,107.01785714285714,274.82142857142856,0.6870360374450684,0.947726845741272,0.8499546
213,32.0,19.414213562373096,0.756636469807894,0.9696969696969697,6.383076486422923,155.8125,274.8125,0.7408429980278015,0.8197435140609741,0.7829584
214,387.0,82.87005768508881,0.6699683726120578,0.9063231850117096,22.197831060995757,324.05426356589146,275.7080103359173,0.635192334651947,0.9064359664916992,0.7515095
215,458.0,96.5269119345812,0.8735287986468103,0.899803536345776,24.148368712786887,47.124454148471614,280.53275109170306,0.6492422819137573,0.9690778851509094,0.83912414
216,13.0,10.82842712474619,0.9350588483818555,0.8666666666666667,4.068428945128219,157.0,278.0,0.7406589388847351,0.8669243454933167,0.82996124
217,86.0,35.9350288425444,0.7579492861557169,0.86,10.464157913908982,377.5813953488372,280.1046511627907,0.6753175258636475,0.8515859842300415,0.7768932
218,274.0,69.55634918610406,0.7600771575937525,0.8670886075949367,18.677998695187732,174.03284671532847,282.06569343065695,0.6550708413124084,0.9616540670394897,0.77745426
219,16.0,13.621320343559642,0.9596288331806001,0.8421052631578947,4.51351666838205,191.25,279.0,0.6426160931587219,0.8758819699287415,0.6826377
220,21.0,18.414213562373096,0.978628681005368,0.84,5.170882945826411,226.04761904761904,279.4761904761905,0.6326155066490173,0.8342843055725098,0.7324668
221,173.0,59.79898987322333,0.8305769847670452,0.8357487922705314,14.841510746523857,91.67630057803468,278.9248554913295,0.6497331261634827,0.965826153755188,0.8194648
222,38.0,27.44974746830583,0.9744884537269984,0.8636363636363636,6.955796338302048,136.31578947368422,280.5,0.6512055993080139,0.9680961966514587,0.75531757
223,50.0,36.48528137423857,0.9832906494840783,0.8771929824561403,7.978845608028654,250.6,281.38,0.6379532217979431,0.986440896987915,0.7545678
224,39.0,28.82842712474619,0.9790404379108384,0.9512195121951219,7.046725639945928,269.0,281.0,0.6466654539108276,0.9725136756896973,0.83391935
225,23.0,17.035533905932738,0.9147344487099655,0.8518518518518519,5.4115163798060095,191.2173913043478,281.5652173913044,0.7236640453338623,0.8793790936470032,0.83261716
226,73.0,33.69238815542512,0.6912511969824497,0.9240506329113924,9.640875829802336,159.8904109589041,283.0821917808219,0.6854408383369446,0.9749064445495605,0.8360232
227,268.0,80.52691193458118,0.833642968142254,0.7486033519553073,18.47236308621676,216.30597014925374,280.75,0.5566599369049072,0.9352720975875854,0.7733686
228,35.0,32.82842712474619,0.9933700480557844,0.8333333333333334,6.6755811781245455,248.5142857142857,284.0285714285714,0.6356218457221985,0.98619544506073,0.75076824
229,29.0,26.82842712474619,0.9901793518363505,0.8529411764705882,6.076507779746499,213.0344827586207,285.9310344827586,0.6404687166213989,0.8709737062454224,0.75095576
230,263.0,71.34924240491749,0.43593845474854453,0.8402555910543131,18.29923496393627,248.29277566539923,292.70722433460077,0.5724890828132629,0.9040431976318359,0.76270324
231,53.0,25.899494936611667,0.8490115631363584,0.9814814814814815,8.214724333230155,149.66037735849056,285.6792452830189,0.6649487614631653,0.8209705948829651,0.74065197
232,65.0,30.485281374238568,0.7447045752330571,0.9701492537313433,9.09728368293446,156.1846153846154,288.5076923076923,0.5260445475578308,0.8280262351036072,0.7151425
233,303.0,71.97665940288701,0.7261041769975911,0.9181818181818182,19.64157789116634,362.1617161716172,288.1716171617162,0.6394257545471191,0.8768635988235474,0.7671367
234,209.0,60.97056274847715,0.768909242400253,0.9247787610619469,16.312788383647018,68.86602870813397,290.02392344497605,0.5459230542182922,0.9637401103973389,0.79017824
235,266.0,65.31370849898477,0.6193358506956181,0.910958904109589,18.403307281560924,85.00375939849624,289.17293233082705,0.6405301094055176,0.9761335253715515,0.78947973
236,179.0,51.248737341529164,0.573262256616221,0.93717277486911,15.09668435477122,215.6536312849162,293.05027932960894,0.66777104139328,0.961531400680542,0.7801764
237,93.0,39.10660171779821,0.8246220227543949,0.9117647058823529,10.881694613449236,337.5806451612903,290.5698924731183,0.7234799861907959,0.8647769689559937,0.8237763
238,1495.0,167.254833995939,0.7669650169846393,0.934375,43.62903986313552,14.461538461538462,285.9979933110368,0.5407080054283142,0.9994478225708008,0.8371882
239,16.0,13.621320343559642,0.9640678509695636,0.8421052631578947,4.51351666838205,343.1875,288.8125,0.7803546190261841,0.8415240049362183,0.8165033
240,427.0,88.62741699796952,0.6876199549495853,0.9027484143763214,23.31680264534386,267.8688524590164,291.4847775175644,0.6282594203948975,0.9726977348327637,0.75350964
241,97.0,37.55634918610404,0.8432792196265111,0.941747572815534,11.11324596323283,179.35051546391753,292.50515463917526,0.6664826273918152,0.9990183711051941,0.78090745
242,256.0,87.69848480983498,0.9272190619325797,0.6975476839237057,18.0540666735282,201.76171875,291.57421875,0.5981962084770203,0.9823302030563354,0.7916175
243,140.0,45.65685424949238,0.6578500990006266,0.9395973154362416,13.351162356249091,200.7642857142857,299.15714285714284,0.6472176313400269,0.9822688698768616,0.7928146
244,187.0,57.00609665440988,0.6837172466840234,0.9303482587064676,15.430353037616328,349.42245989304814,294.06417112299465,0.6685072779655457,0.9577274918556213,0.7928159
245,106.0,37.656854249492376,0.6623873752292325,0.9636363636363636,11.617374563210365,33.75471698113208,298.72641509433964,0.6431069374084473,0.8352046012878418,0.71653306
246,79.0,36.48528137423857,0.8125225890295419,0.8777777777777778,10.02925341359355,43.64556962025316,297.69620253164555,0.6444567441940308,0.9244125485420227,0.733646
247,1309.0,152.66904755831214,0.7433886337836116,0.935,40.82487677946288,113.877769289534,297.44003055767763,0.6362966895103455,0.9981594085693359,0.8240752
248,110.0,41.55634918610405,0.5250133611913811,0.88,11.834540545406394,232.7,295.7090909090909,0.6443340182304382,0.7785753607749939,0.6962686
249,41.0,29.656854249492383,0.9796057008779331,1.0,7.225151993843567,88.0,298.0,0.7370390892028809,0.9766857028007507,0.8698335
250,758.0,111.87005768508881,0.7951078146495663,0.9619289340101523,31.066309322306914,138.89313984168865,300.532981530343,0.5710780024528503,0.9961347579956055,0.8565139
251,141.0,49.14213562373096,0.8576929721925528,0.8867924528301887,13.398760233979036,380.7730496453901,293.13475177304963,0.6576477289199829,0.9236763119697571,0.74843735
252,68.0,33.071067811865476,0.7182787877505841,0.8607594936708861,9.304852983362556,189.66176470588235,296.72058823529414,0.6716362833976746,0.9645376801490784,0.7813725
253,87.0,35.31370849898476,0.6194535321221188,0.925531914893617,10.524820207108489,223.58620689655172,300.367816091954,0.6603472828865051,0.8301122784614563,0.7502942
254,15.0,12.414213562373096,0.955076820277326,0.8823529411764706,4.370193722368317,377.0,300.0,0.6818823218345642,0.7840358018875122,0.7167065
255,19.0,16.82842712474619,0.9770630404528676,0.8636363636363636,4.918490759365935,190.47368421052633,302.05263157894734,0.8260015845298767,0.9426345229148865,0.84984225
256,68.0,29.899494936611667,0.7915601935054717,0.9714285714285714,9.304852983362556,237.66176470588235,302.11764705882354,0.6828026175498962,0.8446530699729919,0.77283067
257,155.0,50.79898987322333,0.8286778446307489,0.8757062146892656,14.048207338801282,371.85806451612905,303.53548387096777,0.6767286062240601,0.9291980862617493,0.81219035
258,142.0,55.692388155425114,0.9433407245759535,0.8255813953488372,13.446189622059965,351.5211267605634,303.0,0.6394257545471191,0.9047794342041016,0.736184
259,85.0,40.520815280171306,0.8244501708579222,0.85,10.403141895720198,90.15294117647059,302.9764705882353,0.6686300039291382,0.904963493347168,0.7696264
260,70.0,35.65685424949238,0.9550803817965324,0.958904109589041,9.440697438826296,267.0571428571429,304.7857142857143,0.6405914425849915,0.8353886604309082,0.7436005
261,90.0,38.14213562373095,0.8696523376448491,0.9,10.704744696916627,363.8777777777778,308.96666666666664,0.6397324800491333,0.9324498176574707,0.83507717
262,39.0,36.82842712474619,0.9943369248801796,0.8297872340425532,7.046725639945928,348.53846153846155,306.94871794871796,0.667525589466095,0.7973495125770569,0.7115287
263,87.0,38.520815280171306,0.7461221959187168,0.8613861386138614,10.524820207108489,189.73563218390805,308.17241379310343,0.6440272331237793,0.9976685643196106,0.8505606
264,15.0,12.0,0.816496580927726,1.0,4.370193722368317,209.0,310.0,0.7702926397323608,0.8051414489746094,0.79660106
265,122.0,43.55634918610404,0.8191537126134937,0.9104477611940298,12.463355264843006,222.29508196721312,309.327868852459,0.5978894233703613,0.8773544430732727,0.75718814
266,43.0,40.41421356237309,0.9954447127297981,0.8113207547169812,7.399277020331919,349.0,309.0,0.6418798565864563,0.8893797397613525,0.7335705
267,411.0,88.28427124746192,0.7900643351754331,0.8707627118644068,22.875783109789968,66.06326034063261,307.301703163017,0.6592429280281067,0.9629425406455994,0.8042684
268,217.0,61.21320343559643,0.7671951702474591,0.9194915254237288,16.622063085174787,87.6774193548387,313.41013824884794,0.6391803026199341,0.96061110496521,0.8436335
269,25.0,20.071067811865476,0.9456892062212802,0.8928571428571429,5.641895835477563,194.52,310.52,0.6451929807662964,0.8239769339561462,0.77257013
270,53.0,47.03553390593274,0.9951451383911171,0.654320987654321,8.214724333230155,346.2830188679245,310.79245283018867,0.6399779319763184,0.9010368585586548,0.7589215
271,1266.0,154.8700576850888,0.7679372448827271,0.922740524781341,40.14873925336531,400.7748815165877,293.68009478672985,0.4462237060070038,1.0,0.8615156
272,16.0,13.621320343559642,0.9596288331806001,0.8421052631578947,4.51351666838205,11.25,313.0,0.6408368349075317,0.7917050123214722,0.6787993
273,57.0,41.071067811865476,0.9884904105688008,0.8769230769230769,8.51907589177983,74.50877192982456,313.140350877193,0.6970979571342468,0.9120191335678101,0.8314222
274,46.0,24.86396103067893,0.6967201693736235,0.9019607843137255,7.653039857325812,198.97826086956522,310.45652173913044,0.7639732360839844,0.850788414478302,0.8252334
275,208.0,61.55634918610405,0.6833613934715681,0.896551724137931,16.273715780512877,29.89423076923077,312.2355769230769,0.6389349102973938,0.9094423055648804,0.7458979
276,184.0,72.04163056034261,0.9599304696012949,0.7479674796747967,15.306079714651624,78.55978260869566,316.51630434782606,0.6390576362609863,0.9787103533744812,0.78139
277,1310.0,156.5035713374682,0.4893676159718033,0.8929788684389911,40.84046772017998,168.1709923664122,313.14580152671755,0.4740781784057617,0.9979139566421509,0.8101889
278,22.0,16.449747468305834,0.931438405867913,0.9166666666666666,5.292567428401227,223.4090909090909,314.54545454545456,0.6449475288391113,0.8609117269515991,0.7712074
279,582.0,100.5269119345812,0.6620543463916565,0.9051321928460342,27.221781995965376,50.3573883161512,315.2680412371134,0.5289281606674194,0.9807963967323303,0.78827447
280,39.0,22.82842712474619,0.5840292917139117,0.9069767441860465,7.046725639945928,196.74358974358975,317.2564102564103,0.7097367644309998,0.8517700433731079,0.7836095
281,100.0,50.65685424949238,0.9784789360798046,0.9345794392523364,11.283791670955125,345.9,314.13,0.6401619911193848,0.8996257185935974,0.7574703
282,12.0,9.621320343559642,0.9377199210408496,0.8571428571428571,3.9088200952233594,201.08333333333334,315.75,0.7084483504295349,0.8547149896621704,0.79982924
283,68.0,31.071067811865476,0.8248526577512906,0.918918918918919,9.304852983362556,13.955882352941176,316.8235294117647,0.6591202020645142,0.9974231719970703,0.7609118
284,326.0,75.87005768508881,0.7093088086000702,0.8624338624338624,20.37341629633241,263.4509202453988,316.75766871165644,0.6281366944313049,0.9838640689849854,0.7380719
285,216.0,63.21320343559643,0.8760925083988931,0.927038626609442,16.583719174624104,240.16203703703704,314.5046296296296,0.7205349802970886,0.9564390182495117,0.83525056
286,275.0,74.97056274847714,0.9332395985899405,0.8842443729903537,18.712051592547777,251.17818181818183,317.76363636363635,0.6362966895103455,0.8938584923744202,0.7634924
287,89.0,34.72792206135785,0.8192947444455148,0.956989247311828,10.645107772184812,29.382022471910112,322.0112359550562,0.6591202020645142,0.8966807723045349,0.77534014
288,190.0,56.834523779156065,0.5921291564324367,0.8636363636363636,15.553633450087505,206.73157894736843,319.8421052631579,0.6402846574783325,0.9609178304672241,0.81011564
289,199.0,70.38477631085024,0.9659007296527622,0.7928286852589641,15.91774699517169,345.0854271356784,320.1859296482412,0.47653231024742126,0.9977298974990845,0.7637435
290,345.0,82.70458146424487,0.8233527972105678,0.8734177215189873,20.958712816717327,233.08985507246376,324.75652173913045,0.6383827328681946,0.9388919472694397,0.75314784
291,83.0,46.48528137423857,0.982182587688906,0.9021739130434783,10.280023453913834,348.49397590361446,325.0,0.6623719334602356,0.9340450167655945,0.81012136
292,171.0,57.21320343559643,0.5314368415450613,0.8423645320197044,14.755472278097805,134.47368421052633,325.70175438596493,0.6907785534858704,0.9257009625434875,0.81292146
293,24.0,15.899494936611665,0.44166420947138885,0.9230769230769231,5.527906391541368,197.45833333333334,327.7083333333333,0.6735382676124573,0.9807350039482117,0.82498926
294,67.0,30.14213562373095,0.8315433315011054,0.9571428571428572,9.23618154310838,213.83582089552237,327.76119402985074,0.659488320350647,0.849561333656311,0.73004293
295,113.0,43.55634918610404,0.5717980735571209,0.8828125,11.994835078277376,221.57522123893804,328.3362831858407,0.6341493129730225,0.9007914662361145,0.74718356
296,35.0,22.485281374238568,0.9098427257282462,0.9210526315789473,6.6755811781245455,277.3142857142857,332.85714285714283,0.6421866416931152,0.7245843410491943,0.67792416
297,214.0,59.79898987322333,0.5135398840423081,0.895397489539749,16.50676414605009,58.52336448598131,334.11682242990656,0.6450702548027039,0.9539235830307007,0.7797239
298,122.0,42.97056274847714,0.5802726294125242,0.9172932330827067,12.463355264843006,146.1639344262295,328.26229508196724,0.6513896584510803,0.9691392183303833,0.8503951
299,108.0,42.38477631085023,0.6175401510800269,0.8925619834710744,11.726460285670077,188.85185185185185,329.4537037037037,0.47438493371009827,0.9805509448051453,0.6955022
300,27.0,18.071067811865476,0.7471945597948663,0.84375,5.863230142835039,267.5925925925926,331.2962962962963,0.6346401572227478,0.6942143440246582,0.6563116
301,97.0,41.21320343559643,0.8975940623457603,0.9065420560747663,11.11324596323283,168.56701030927834,334.9896907216495,0.6115712523460388,0.962206244468689,0.7996246
302,536.0,90.4558441227157,0.4666641854645471,0.9321739130434783,26.123866405607867,14.705223880597014,332.3973880597015,0.575802206993103,0.9973004460334778,0.8033302
303,130.0,68.86396103067892,0.9895178220253146,0.896551724137931,12.865501965161373,1.6307692307692307,337.73846153846154,0.6178293228149414,0.9964414834976196,0.8237273
304,47.0,25.106601717798213,0.8133951824467237,0.9215686274509803,7.735777827895049,130.7872340425532,334.70212765957444,0.6442112922668457,0.8101110458374023,0.7187937
305,74.0,31.142135623730947,0.8064795341117881,0.9487179487179487,9.706684619910241,70.86486486486487,333.9189189189189,0.6391189694404602,0.9831891655921936,0.7449297
306,174.0,51.79898987322333,0.7715305844504586,0.9720670391061452,14.884343478431232,224.32183908045977,339.12068965517244,0.6396098136901855,0.8974784016609192,0.76351374
307,150.0,49.59188309203678,0.6954851975650177,0.8928571428571429,13.81976597885342,188.67333333333335,338.84,0.6551322340965271,0.9136143326759338,0.77869606
308,39.0,27.242640687119284,0.9764711987880558,0.8666666666666667,7.046725639945928,26.46153846153846,337.4871794871795,0.6008344292640686,0.8999325037002563,0.72895145
309,13.0,10.414213562373096,0.9375978123483881,0.8666666666666667,4.068428945128219,52.07692307692308,337.46153846153845,0.6591202020645142,0.8727529048919678,0.76216567
310,99.0,42.17766952966368,0.811355594130738,0.8761061946902655,11.227230955528665,164.87878787878788,341.74747474747477,0.6565433740615845,0.9841094613075256,0.8733436
311,159.0,47.384776310850235,0.7816546378377881,0.9636363636363636,14.228319915326999,155.9496855345912,338.58490566037733,0.6495490670204163,0.994784951210022,0.82427007
312,89.0,41.3492424049175,0.7281999688514441,0.7876106194690266,10.645107772184812,145.37078651685394,337.5280898876405,0.5759249329566956,0.9244125485420227,0.75008667
313,13.0,11.207106781186548,0.6506420303241719,0.9285714285714286,4.068428945128219,234.3846153846154,342.15384615384613,0.6388121843338013,0.6941530108451843,0.6820805
314,671.0,107.21320343559643,0.8121670133277905,0.9154160982264665,29.229158977248975,346.1639344262295,343.67809239940385,0.5096018314361572,0.979385256767273,0.8091126
315,100.0,69.65685424949238,0.9959175733713769,0.8695652173913043,11.283791670955125,367.54,343.97,0.6732928156852722,0.9988343119621277,0.77302533
316,364.0,90.14213562373095,0.9602602423944216,0.9405684754521964,21.528102431092233,360.95054945054943,344.3956043956044,0.6235352158546448,0.999079704284668,0.81757545
317,2805.0,226.1837661840736,0.651185584305982,0.9444444444444444,59.76150034078906,392.31907308377896,342.95044563279856,0.597644031047821,0.9993250966072083,0.906379
318,621.0,110.91168824543142,0.4832442693002441,0.8460490463215259,28.11906394744562,39.42190016103059,341.1658615136876,0.6042088270187378,0.9971163868904114,0.7938523
319,13.0,12.449747468305832,0.9750335047093099,0.7647058823529411,4.068428945128219,148.3846153846154,343.3076923076923,0.7020062804222107,0.925885021686554,0.8349876
320,341.0,86.25483399593904,0.6948080963395421,0.8177458033573142,20.83685880248485,141.42228739002934,347.83870967741933,0.576108992099762,0.9260690808296204,0.77383935
321,66.0,29.89949493661166,0.7707545364504047,0.9295774647887324,9.166995688475081,178.6969696969697,343.7878787878788,0.7874716520309448,0.9950303435325623,0.8622894
322,78.0,39.656854249492376,0.9659584262837295,0.9512195121951219,9.965574970333758,12.192307692307692,347.88461538461536,0.7444628477096558,0.9769924283027649,0.8185149
323,262.0,70.62741699796953,0.9234534889776242,0.9290780141843972,18.26441241104166,51.70992366412214,354.2748091603053,0.6675869822502136,0.9984661340713501,0.82022923
324,89.0,33.89949493661167,0.36833978090900915,0.956989247311828,10.645107772184812,178.25842696629215,351.60674157303373,0.643781840801239,0.9848456978797913,0.82423127
325,244.0,60.14213562373095,0.6306911278339044,0.9384615384615385,17.625846048215095,203.71311475409837,342.0983606557377,0.6730474233627319,0.9641695618629456,0.79655516
326,629.0,122.94722215136416,0.6513037464518858,0.7813664596273292,28.299605538565682,211.46422893481716,354.71065182829886,0.6122461557388306,0.9914718866348267,0.81401956
327,32.0,29.621320343559642,0.991754202666308,0.8421052631578947,6.383076486422923,337.03125,352.25,0.6838456392288208,0.8655745983123779,0.72878134
328,78.0,33.69238815542512,0.6588734272656467,0.8863636363636364,9.965574970333758,169.03846153846155,351.1666666666667,0.6581385135650635,0.9888949990272522,0.9111869
329,57.0,31.52081528017131,0.9338493024445852,0.890625,8.51907589177983,154.12280701754386,353.1929824561403,0.6474630236625671,0.9030615091323853,0.80041724
330,20.0,17.621320343559642,0.9776265473273625,0.8695652173913043,5.046265044040321,170.2,356.15,0.7055647373199463,0.9083379507064819,0.8356862
331,31.0,23.86396103067893,0.966513025698799,0.8611111111111112,6.282549314314218,192.5483870967742,355.35483870967744,0.6747039556503296,0.9466838240623474,0.82907915
332,242.0,64.66295090390226,0.6353998843638614,0.88,17.55346033766304,10.400826446280991,358.88429752066116,0.5934720039367676,0.9969936609268188,0.8008616
333,201.0,54.38477631085024,0.5181752411463431,0.9348837209302325,15.99753570059363,23.606965174129353,357.5223880597015,0.642861545085907,0.9971777200698853,0.7842161
334,18.0,13.65685424949238,0.6625654585447002,0.9,4.787307364817192,129.72222222222223,358.1666666666667,0.6745198965072632,0.7239707708358765,0.6845205
335,48.0,35.242640687119284,0.9852815665963988,0.9795918367346939,7.817640190446719,43.5,361.0625,0.6815755367279053,0.8709123134613037,0.7769904
336,218.0,62.72792206135785,0.852101305702459,0.9276595744680851,16.66031874701878,42.6651376146789,367.8394495412844,0.5524879097938538,0.9847843647003174,0.77075624
337,1185.0,164.84062043356593,0.8417994871155591,0.8072207084468664,38.8431314457417,314.0329113924051,353.7535864978903,0.5832259654998779,0.9591999650001526,0.75178623
338,98.0,44.485281374238575,0.9505683652892435,0.9333333333333333,11.170383851240114,23.785714285714285,367.6020408163265,0.6193631291389465,0.9428799152374268,0.75615126
339,174.0,91.07106781186548,0.9957902933274645,0.8969072164948454,14.884343478431232,312.3735632183908,368.0,0.6435977816581726,0.96061110496521,0.80985016
340,51.0,26.899494936611664,0.7926945965995386,0.8095238095238095,8.058239062071396,61.745098039215684,368.0,0.6510215401649475,0.6950733065605164,0.6749529
341,121.0,43.79898987322333,0.6947048490859061,0.937984496124031,12.412170838050638,3.809917355371901,371.60330578512395,0.5281919240951538,0.9868703484535217,0.80914056
342,492.0,116.17766952966369,0.9671670132851915,0.8692579505300353,25.028660691489268,309.8130081300813,375.2418699186992,0.6391803026199341,0.9793238639831543,0.82464117
343,742.0,120.56854249492379,0.7606582697021946,0.9037758830694276,30.736683981742253,162.9541778975741,368.71159029649596,0.5594208240509033,0.9981594085693359,0.8193839
344,576.0,117.39087296526012,0.5151536101635776,0.8240343347639485,27.081100010292303,133.41493055555554,374.68402777777777,0.6500398516654968,0.9998159408569336,0.8003114
345,399.0,95.66904755831213,0.9069264827668577,0.890625,22.539356209735228,183.54636591478697,367.8696741854637,0.6183201670646667,0.9995091557502747,0.7736215
346,163.0,54.3492424049175,0.7639171507154662,0.7990196078431373,14.406180819073164,220.0245398773006,371.29447852760734,0.6455610990524292,0.9782809019088745,0.8410479
347,58.0,28.27817459305202,0.7476017934742544,0.8787878787878788,8.593479713983122,52.87931034482759,375.17241379310343,0.6387508511543274,0.9331247210502625,0.73705065
348,42.0,25.899494936611664,0.7997559051464147,0.8076923076923077,7.312732791431452,64.26190476190476,376.76190476190476,0.6491809487342834,0.754279375076294,0.68398005
349,37.0,26.44974746830583,0.9757374282422163,0.8604651162790697,6.863662517577698,146.54054054054055,377.81081081081084,0.7072826623916626,0.9304251670837402,0.86687964
350,232.0,85.8284271247462,0.9883962737455421,0.9914529914529915,17.186959427966244,396.1594827586207,377.50431034482756,0.6412663459777832,0.9995091557502747,0.95747095
351,233.0,70.49137802864846,0.7792563848399283,0.8726591760299626,17.22396045987371,155.17596566523605,382.82403433476395,0.6465427279472351,0.9984661340713501,0.8309559
352,59.0,30.727922061357855,0.6734869605465329,0.855072463768116,8.667244841319219,229.76271186440678,381.54237288135596,0.6390576362609863,0.7896803617477417,0.6786046
353,121.0,84.48528137423857,0.9972023284654021,0.8642857142857143,12.412170838050638,309.4876033057851,382.504132231405,0.6629854440689087,0.9689551591873169,0.8217358
354,558.0,94.42640687119285,0.46273935768433955,0.9102773246329527,26.654599339742866,20.29749103942652,382.7741935483871,0.5950672030448914,1.0,0.7904976
355,106.0,74.48528137423857,0.996308885677768,0.8688524590163934,11.617374563210365,309.97169811320754,385.54716981132077,0.6735996007919312,0.8997484445571899,0.7755917
356,15.0,11.656854249492381,0.7343887778710586,1.0,4.370193722368317,115.93333333333334,386.26666666666665,0.6670961380004883,0.6688140630722046,0.6680983
357,24.0,21.621320343559642,0.9849097240019141,0.8571428571428571,5.527906391541368,30.041666666666668,387.75,0.6596723794937134,0.9999386668205261,0.8515451
358,234.0,65.97056274847714,0.8659901423377557,0.9034749034749034,17.26088217525478,156.60256410256412,394.20940170940173,0.6387508511543274,0.9983434677124023,0.8374857
359,212.0,66.87005768508881,0.9168133430042499,0.8796680497925311,16.42944866646031,10.316037735849056,396.64150943396226,0.6457451581954956,0.974783718585968,0.7623271
360,643.0,131.76955262170046,0.9459401411939651,0.7573616018845701,28.61281229213077,297.86625194401245,392.28304821150857,0.6420025825500488,0.9772992134094238,0.8079469
361,128.0,56.48528137423856,0.9722149179777789,0.9481481481481482,12.766152972845846,2.1328125,392.4453125,0.47990673780441284,1.0,0.8220711
362,636.0,108.48528137423858,0.9163964034979355,0.9845201238390093,28.456639830653998,395.6163522012579,388.54088050314465,0.6424934267997742,1.0,0.95078963
363,926.0,132.5685424949238,0.5522947164668208,0.8735849056603774,34.3368580162012,45.69438444924406,391.7526997840173,0.5537763237953186,0.9976072311401367,0.7959783
364,1170.0,158.2609306503489,0.7709506812809077,0.8102493074792244,38.59650589548412,201.96410256410257,385.9119658119658,0.6194245219230652,1.0,0.83513325
365,31.0,28.414213562373096,0.9908098754411044,0.8157894736842105,6.282549314314218,224.06451612903226,396.03225806451616,0.6693662405014038,0.9182772040367126,0.7611787
366,103.0,72.48528137423857,0.9962388916128104,0.8728813559322034,11.451797811161432,194.5242718446602,398.4271844660194,0.6575863361358643,0.9841094613075256,0.82830566
367,107.0,73.86396103067892,0.9963980731147882,0.856,11.67204486311899,309.14018691588785,399.4672897196262,0.6524326801300049,0.9712865948677063,0.8304477
368,211.0,58.17766952966369,0.4846569212064728,0.8978723404255319,16.39065416446578,232.9431279620853,394.45023696682466,0.6232284307479858,0.9724522829055786,0.7776975
369,69.0,66.82842712474618,0.9983476249366926,0.8214285714285714,9.373021315815206,196.9855072463768,401.0289855072464,0.6970979571342468,0.985520601272583,0.8518491
370,59.0,46.86396103067893,0.9911289899646283,0.6704545454545454,8.667244841319219,237.59322033898306,401.33898305084745,0.6598564386367798,0.9724522829055786,0.8538425
371,517.0,98.62741699796952,0.2021191123052188,0.8867924528301887,25.65667251667837,134.52611218568666,399.45647969052226,0.5650039911270142,0.9999386668205261,0.80518806
372,69.0,66.82842712474618,0.998314174136576,0.8117647058823529,9.373021315815206,198.94202898550725,403.1159420289855,0.7161788940429688,0.9958893060684204,0.8297841
373,143.0,48.970562748477136,0.8567918462376969,0.9050632911392406,13.493452297211721,256.3636363636364,400.53846153846155,0.6415117383003235,0.8498067259788513,0.6996525
374,97.0,53.44974746830583,0.9861475830993484,0.8899082568807339,11.11324596323283,233.7422680412371,404.96907216494844,0.6653782725334167,0.971409261226654,0.8445904
375,36.0,33.621320343559645,0.9933780475652366,0.8372093023255814,6.770275002573076,33.833333333333336,404.80555555555554,0.8139762878417969,0.9052088856697083,0.84879947
376,34.0,31.621320343559642,0.9927182329864894,0.8292682926829268,6.579524642479541,123.0,405.2352941176471,0.693662166595459,0.9797533750534058,0.88329846
377,35.0,32.82842712474619,0.9933700480557844,0.8333333333333334,6.6755811781245455,35.51428571428571,406.9714285714286,0.6840910315513611,0.9793238639831543,0.8873971
378,52.0,35.03553390593274,0.9851874532721765,0.8524590163934426,8.136857890256438,38.26923076923077,409.6923076923077,0.653291642665863,0.9992024302482605,0.84505534
379,16.0,12.207106781186548,0.8514055971008102,0.9411764705882353,4.51351666838205,8.0625,412.8125,0.9018344879150391,0.9765629768371582,0.9158461
380,218.0,80.7634559672906,0.9548705306699774,0.7676056338028169,16.66031874701878,27.94495412844037,411.5642201834862,0.5596662163734436,1.0,0.8509894
381,854.0,130.18376618407356,0.6292249981002306,0.9017951425554382,32.97493853222215,71.5023419203747,401.75878220140515,0.6132277846336365,0.9995705485343933,0.8210169
382,892.0,140.5269119345812,0.6144363891898644,0.8643410852713178,33.70058862844632,102.90807174887892,402.34304932735427,0.5393582582473755,0.9998772740364075,0.81696683
383,121.0,52.72792206135786,0.9537576179195584,0.8344827586206897,12.412170838050638,141.04132231404958,412.4710743801653,0.5839622020721436,0.9924535155296326,0.839976
384,931.0,166.01219330881977,0.9670322659469229,0.8166666666666667,34.42943531556155,182.03974221267455,408.1031149301826,0.524756133556366,1.0,0.80437666
385,229.0,67.65685424949238,0.9501490673054926,0.9581589958158996,17.075475271404667,234.21397379912665,411.33187772925766,0.5462298393249512,0.9684029817581177,0.78852105
386,163.0,48.242640687119284,0.8136625950961981,0.9878787878787879,14.406180819073164,256.1165644171779,410.6871165644172,0.6458678245544434,0.9139211177825928,0.7552576
387,185.0,50.48528137423857,0.5859538327528043,0.9635416666666666,15.347615963921077,271.0,408.227027027027,0.6386895179748535,0.9665623903274536,0.7697374
388,115.0,39.071067811865476,0.6477313029575726,0.9663865546218487,12.100518486599809,282.25217391304346,409.6347826086957,0.6588747501373291,0.9963188171386719,0.8280646
389,640.0,119.55634918610406,0.9448339467645622,0.95952023988006,28.54598585844434,310.634375,408.5328125,0.6181361079216003,0.9964414834976196,0.8534101
390,42.0,25.071067811865476,0.8634788775303444,0.9545454545454546,7.312732791431452,341.6666666666667,413.35714285714283,0.6526780724525452,0.9504263997077942,0.72127855
391,941.0,147.79898987322332,0.9367974349925439,0.9761410788381742,34.61384710770804,390.26886291179596,406.74388947927736,0.6488741636276245,1.0,0.92874837
